{"cameraMode":{"drawMode":0,"name":"Shaded","section":"Shading Mode"},"sceneLighting":false,"audioPlay":false,"sceneViewState":{"m_AlwaysRefresh":false,"showFog":false,"showSkybox":false,"showFlares":false,"showImageEffects":false,"showParticleSystems":false,"showVisualEffectGraphs":true,"m_FxEnabled":true},"in2DMode":false,"pivot":{"x":0.00019550323486328125,"y":0.8381707072257996,"z":0.0007866248488426209},"rotation":{"x":0.05684313923120499,"y":-0.7191388010978699,"z":-0.059233907610177997,"w":-0.6899797916412354},"size":1.3381271362304688,"orthographic":false}